"Id";"Designator";"Footprint";"Quantity";"Designation";"Supplier and ref";
1;"H1,H3,H4,H2";"MountingHole_2.2mm_M2_DIN965";4;"MountingHole";;;
2;"C1";"C_0603_1608Metric";1;"10uF";;;
3;"R10";"R_0603_1608Metric";1;"27K";;;
4;"R2,R5,R6";"R_0603_1608Metric";3;"4.7K";;;
5;"R8";"R_0603_1608Metric";1;"75K";;;
6;"LIPO";"JST_SHL_SM02B-SHLS-TF_1x02-1MP_P1.00mm_Horizontal";1;"Battery_Cell";;;
7;"C2";"C_0603_1608Metric";1;"100n";;;
8;"TP4057";"SOT-23-6";1;"TP4057";;;
9;"C4";"C_0603_1608Metric";1;"1uF";;;
10;"D3,D2";"D_SOD-323";2;"D";;;
11;"PROG";"PinSocket_1x04_P2.54mm_Vertical";1;"Conn_01x04_Socket";;;
12;"CH32X033";"TSSOP-20_4.4x6.5mm_P0.65mm";1;"~";;;
13;"R11";"R_0603_1608Metric";1;"47K";;;
14;"R4";"R_0603_1608Metric";1;"100K";;;
15;"Q1";"SOT-23";1;"AO3400A";;;
16;"R1";"R_0603_1608Metric";1;"1k";;;
17;"USB1";"USB_Micro-B_Molex_47346-0001";1;"USB_B_Micro";;;
18;"R7";"R_0603_1608Metric";1;"22K";;;
19;"LDO";"SOT-23-5";1;"AP2127K-3.3";;;
20;"U4";"ST7735_13pin";1;"~";;;
21;"R3";"R_0603_1608Metric";1;"10K";;;
22;"D5,D4,D1";"LED_0603_1608Metric";3;"LED";;;
23;"R9";"R_0603_1608Metric";1;"3K";;;
24;"PUSH0";"SW_Push_1P1T_NO_Vertical_Wuerth_434133025816";1;"SW_Push";;;
25;"SCD40";"Sensirion_SCD4x-1EP_10.1x10.1mm_P1.25mm_EP4.8x4.8mm";1;"SCD41-D-R2";;;
