Ref,Val,Package,PosX,PosY,Rot,Side
"D1","LED","LED_0603_1608Metric",165.637500,-86.050000,180.000000,bottom
"D4","LED","LED_0603_1608Metric",158.712500,-86.100000,180.000000,bottom
"D5","LED","LED_0603_1608Metric",162.212500,-86.050000,180.000000,bottom
"PUSH0","SW_Push","SW_Push_1P1T_NO_Vertical_Wuerth_434133025816",172.775000,-86.825000,180.000000,bottom
"R9","3K","R_0603_1608Metric",168.300000,-86.725000,90.000000,bottom
"SCD40","SCD41-D-R2","Sensirion_SCD4x-1EP_10.1x10.1mm_P1.25mm_EP4.8x4.8mm",157.950000,-95.650000,180.000000,bottom
